<?xml version="1.0" ?>
  <latido>
    <name>Melodia (1909) by Samuel W. Cole</name>
    <modulekey>melodiaC</modulekey>
    <imageextension>png</imageextension>
    <midiextension>mid</midiextension>
    <progress>
      <exercise countin="4" name="cole--1-01--001" tempo="120"/>
      <exercise countin="4" name="cole--1-01--002" tempo="120"/>
      <exercise countin="4" name="cole--1-01--003" tempo="120"/>
      <exercise countin="4" name="cole--1-01--004" tempo="120"/>
      <exercise countin="4" name="cole--1-01--005" tempo="120"/>
      <exercise countin="4" name="cole--1-01--006" tempo="120"/>
      <exercise countin="4" name="cole--1-01--007" tempo="120"/>
      <exercise countin="4" name="cole--1-01--008" tempo="120"/>
      <exercise countin="4" name="cole--1-01--009" tempo="120"/>
      <exercise countin="4" name="cole--1-01--010" tempo="120"/>
      <exercise countin="4" name="cole--1-01--011" tempo="120"/>
      <exercise countin="4" name="cole--1-01--012" tempo="120"/>
      <exercise countin="4" name="cole--1-01--013" tempo="120"/>
      <exercise countin="4" name="cole--1-01--014" tempo="120"/>
      <exercise countin="4" name="cole--1-01--015" tempo="120"/>
      <exercise countin="4" name="cole--1-01--016" tempo="120"/>
      <exercise countin="4" name="cole--1-01--017" tempo="120"/>
      <exercise countin="4" name="cole--1-01--018" tempo="120"/>
      <exercise countin="4" name="cole--1-01--019" tempo="120"/>
      <exercise countin="4" name="cole--1-01--020" tempo="120"/>
      <exercise countin="4" name="cole--1-01--021" tempo="120"/>
      <exercise countin="4" name="cole--1-01--022" tempo="120"/>
      <exercise countin="4" name="cole--1-01--023" tempo="120"/>
      <exercise countin="3" name="cole--1-01--024" tempo="120"/>
      <exercise countin="3" name="cole--1-01--025" tempo="120"/>
      <exercise countin="3" name="cole--1-01--026" tempo="120"/>
      <exercise countin="3" name="cole--1-01--027" tempo="120"/>
      <exercise countin="3" name="cole--1-01--028" tempo="120"/>
      <exercise countin="3" name="cole--1-01--029" tempo="120"/>
      <exercise countin="3" name="cole--1-01--030" tempo="120"/>
      <exercise countin="3" name="cole--1-01--031" tempo="120"/>
      <exercise countin="3" name="cole--1-01--032" tempo="120"/>
      <exercise countin="3" name="cole--1-01--033" tempo="120"/>
      <exercise countin="3" name="cole--1-01--034" tempo="120"/>
      <exercise countin="3" name="cole--1-01--035" tempo="120"/>
      <exercise countin="3" name="cole--1-01--036" tempo="120"/>
      <exercise countin="4" name="cole--1-01--037" tempo="120"/>
      <exercise countin="4" name="cole--1-01--038" tempo="120"/>
      <exercise countin="3" name="cole--1-01--039" tempo="120"/>
      <exercise countin="3" name="cole--1-01--040" tempo="120"/>
      <exercise countin="3" name="cole--1-01--041" tempo="120"/>
      <exercise countin="3" name="cole--1-01--042" tempo="120"/>
      <exercise countin="3" name="cole--1-01--043" tempo="120"/>
      <exercise countin="3" name="cole--1-01--044" tempo="120"/>
      <exercise countin="1" name="cole--1-01--045" tempo="120"/>
      <exercise countin="2" name="cole--1-01--046" tempo="120"/>
      <exercise countin="2" name="cole--1-01--047" tempo="120"/>
      <exercise countin="2" name="cole--1-01--048" tempo="120"/>
      <exercise countin="2" name="cole--1-01--049" tempo="120"/>
      <exercise countin="2" name="cole--1-01--050" tempo="120"/>
      <exercise countin="2" name="cole--1-01--051" tempo="120"/>
      <exercise countin="4" name="cole--1-01--052" tempo="120"/>
      <exercise countin="4" name="cole--1-01--053" tempo="120"/>
      <exercise countin="4" name="cole--1-01--054" tempo="120"/>
      <exercise countin="4" name="cole--1-01--055" tempo="120"/>
      <exercise countin="2" name="cole--1-01--056" tempo="120"/>
      <exercise countin="2" name="cole--1-01--057" tempo="120"/>
      <exercise countin="4" name="cole--1-01--058" tempo="120"/>
      <exercise countin="4" name="cole--1-01--059" tempo="120"/>
      <exercise countin="4" name="cole--1-01--060" tempo="120"/>
      <exercise countin="2" name="cole--1-01--061" tempo="120"/>
      <exercise countin="4" name="cole--1-01--062" tempo="120"/>
      <exercise countin="4" name="cole--1-01--063" tempo="120"/>
      <exercise countin="3" name="cole--1-01--064" tempo="120"/>
      <exercise countin="4" name="cole--1-01--065" tempo="120"/>
      <exercise countin="3" name="cole--1-01--066" tempo="120"/>
      <exercise countin="4" name="cole--1-01--067" tempo="120"/>
      <exercise countin="4" name="cole--1-01--068" tempo="120"/>
      <exercise countin="3" name="cole--1-01--069" tempo="120"/>
      <exercise countin="3" name="cole--1-01--070" tempo="120"/>
      <exercise countin="2" name="cole--1-01--071" tempo="120"/>
      <exercise countin="2" name="cole--1-01--072" tempo="120"/>
      <exercise countin="4" name="cole--1-01--073" tempo="120"/>
      <exercise countin="4" name="cole--1-01--074" tempo="120"/>
      <exercise countin="3" name="cole--1-01--075" tempo="120"/>
      <exercise countin="4" name="cole--1-01--076" tempo="120"/>
      <exercise countin="4" name="cole--1-01--077" tempo="120"/>
      <exercise countin="4" name="cole--1-01--078" tempo="120"/>
      <exercise countin="4" name="cole--1-01--079" tempo="120"/>
      <exercise countin="4" name="cole--1-01--080" tempo="120"/>
      <exercise countin="4" name="cole--1-01--081" tempo="120"/>
      <exercise countin="4" name="cole--1-01--082" tempo="120"/>
      <exercise countin="4" name="cole--1-01--083" tempo="120"/>
      <exercise countin="4" name="cole--1-01--084" tempo="120"/>
      <exercise countin="4" name="cole--1-01--085" tempo="120"/>
      <exercise countin="3" name="cole--1-01--086" tempo="120"/>
      <exercise countin="3" name="cole--1-01--087" tempo="120"/>
      <exercise countin="3" name="cole--1-01--088" tempo="120"/>
      <exercise countin="3" name="cole--1-01--089" tempo="120"/>
      <exercise countin="3" name="cole--1-01--090" tempo="120"/>
      <exercise countin="3" name="cole--1-01--091" tempo="120"/>
      <exercise countin="3" name="cole--1-01--092" tempo="120"/>
      <exercise countin="4" name="cole--1-01--093" tempo="120"/>
      <exercise countin="3" name="cole--1-01--094" tempo="120"/>
      <exercise countin="2.0" name="cole--1-01--095" tempo="120"/>
      <exercise countin="2.0" name="cole--1-01--096" tempo="120"/>
      <exercise countin="2.0" name="cole--1-01--097" tempo="120"/>
      <exercise countin="2.0" name="cole--1-01--098" tempo="120"/>
      <exercise countin="2.0" name="cole--1-01--099" tempo="120"/>
      <exercise countin="4" name="cole--1-01--100" tempo="120"/>
      <exercise countin="4" name="cole--1-01--101" tempo="120"/>
      <exercise countin="3" name="cole--1-01--102" tempo="120"/>
      <exercise countin="2.0" name="cole--1-01--103" tempo="120"/>
      <exercise countin="2.0" name="cole--1-01--104" tempo="120"/>
      <exercise countin="4" name="cole--1-01--105" tempo="120"/>
      <exercise countin="2" name="cole--1-01--106" tempo="120"/>
      <exercise countin="4" name="cole--1-01--107" tempo="120"/>
      <exercise countin="2.0" name="cole--1-01--108" tempo="120"/>
      <exercise countin="4" name="cole--1-01--109" tempo="120"/>
      <exercise countin="4" name="cole--1-01--110" tempo="120"/>
      <exercise countin="3" name="cole--1-01--111" tempo="120"/>
      <exercise countin="3" name="cole--1-01--112" tempo="120"/>
      <exercise countin="2.0" name="cole--1-01--113" tempo="120"/>
      <exercise countin="4" name="cole--1-01--114" tempo="120"/>
      <exercise countin="4" name="cole--1-01--115" tempo="120"/>
      <exercise countin="3" name="cole--1-01--116" tempo="120"/>
      <exercise countin="2.0" name="cole--1-01--117" tempo="120"/>
      <exercise countin="4" name="cole--1-01--118" tempo="120"/>
      <exercise countin="3" name="cole--1-01--119" tempo="120"/>
      <exercise countin="2.0" name="cole--1-01--120" tempo="120"/>
      <exercise countin="2.0" name="cole--1-01--121" tempo="120"/>
      <exercise countin="2.0" name="cole--1-01--122" tempo="120"/>
      <exercise countin="4" name="cole--1-01--123" tempo="120"/>
      <exercise countin="4" name="cole--1-01--124" tempo="120"/>
      <exercise countin="4" name="cole--1-01--125" tempo="120"/>
      <exercise countin="4" name="cole--1-01--126" tempo="120"/>
      <exercise countin="4" name="cole--1-01--127" tempo="120"/>
      <exercise countin="4" name="cole--1-01--128" tempo="120"/>
      <exercise countin="4" name="cole--1-01--129" tempo="120"/>
      <exercise countin="3" name="cole--1-01--130" tempo="120"/>
      <exercise countin="3" name="cole--1-01--131" tempo="120"/>
      <exercise countin="3" name="cole--1-01--132" tempo="120"/>
      <exercise countin="4" name="cole--1-01--133" tempo="120"/>
      <exercise countin="4" name="cole--1-01--134" tempo="120"/>
      <exercise countin="2.0" name="cole--1-01--135" tempo="120"/>
      <exercise countin="2.0" name="cole--1-01--136" tempo="120"/>
      <exercise countin="2.0" name="cole--1-01--137" tempo="120"/>
      <exercise countin="2.0" name="cole--1-01--138" tempo="120"/>
      <exercise countin="4" name="cole--1-01--139" tempo="120"/>
      <exercise countin="4" name="cole--1-01--140" tempo="120"/>
      <exercise countin="4" name="cole--1-01--141" tempo="120"/>
      <exercise countin="4" name="cole--1-01--142" tempo="120"/>
      <exercise countin="3" name="cole--1-01--143" tempo="120"/>
      <exercise countin="3" name="cole--1-01--144" tempo="120"/>
      <exercise countin="3" name="cole--1-01--145" tempo="120"/>
      <exercise countin="3" name="cole--1-01--146" tempo="120"/>
      <exercise countin="3" name="cole--1-01--147" tempo="120"/>
      <exercise countin="4" name="cole--1-01--148" tempo="120"/>
      <exercise countin="4" name="cole--1-01--149" tempo="120"/>
      <exercise countin="3" name="cole--1-01--150" tempo="120"/>
      <exercise countin="3" name="cole--1-01--151" tempo="120"/>
      <exercise countin="3" name="cole--1-01--152" tempo="120"/>
      <exercise countin="4" name="cole--1-01--153" tempo="120"/>
      <exercise countin="3" name="cole--1-01--154" tempo="120"/>
      <exercise countin="3" name="cole--1-01--155" tempo="120"/>
      <exercise countin="2.0" name="cole--1-01--156" tempo="120"/>
      <exercise countin="2.0" name="cole--1-01--157" tempo="120"/>
      <exercise countin="4" name="cole--1-01--158" tempo="120"/>
      <exercise countin="4" name="cole--1-01--159" tempo="120"/>
      <exercise countin="3" name="cole--1-01--160" tempo="120"/>
      <exercise countin="3" name="cole--1-01--161" tempo="120"/>
      <exercise countin="3" name="cole--1-01--162" tempo="120"/>
      <exercise countin="3" name="cole--1-01--163" tempo="120"/>
      <exercise countin="2.0" name="cole--1-01--164" tempo="120"/>
      <exercise countin="2.0" name="cole--1-01--165" tempo="120"/>
      <exercise countin="2.0" name="cole--1-01--166" tempo="120"/>
      <exercise countin="4" name="cole--1-01--167" tempo="120"/>
      <exercise countin="4" name="cole--1-01--168" tempo="120"/>
      <exercise countin="4" name="cole--1-01--169" tempo="120"/>
      <exercise countin="4" name="cole--1-01--170" tempo="120"/>
      <exercise countin="3" name="cole--1-01--171" tempo="120"/>
      <exercise countin="3" name="cole--1-01--172" tempo="120"/>
      <exercise countin="3" name="cole--1-01--173" tempo="120"/>
      <exercise countin="2.0" name="cole--1-01--174" tempo="120"/>
      <exercise countin="2.0" name="cole--1-01--175" tempo="120"/>
      <exercise countin="2.0" name="cole--1-01--176" tempo="120"/>
      <exercise countin="2.0" name="cole--1-01--177" tempo="120"/>
      <exercise countin="2.0" name="cole--1-01--178" tempo="120"/>
      <exercise countin="3" name="cole--1-01--179" tempo="120"/>
      <exercise countin="4" name="cole--1-01--180" tempo="120"/>
      <exercise countin="3" name="cole--1-01--181" tempo="120"/>
      <exercise countin="3" name="cole--1-01--182" tempo="120"/>
      <exercise countin="3" name="cole--1-01--183" tempo="120"/>
      <exercise countin="4" name="cole--1-01--184" tempo="120"/>
      <exercise countin="4" name="cole--1-01--185" tempo="120"/>
      <exercise countin="4" name="cole--1-01--186" tempo="120"/>
      <exercise countin="4" name="cole--1-01--187" tempo="120"/>
      <exercise countin="3" name="cole--1-01--188" tempo="120"/>
      <exercise countin="4" name="cole--1-01--189" tempo="120"/>
      <exercise countin="2.0" name="cole--1-01--190" tempo="120"/>
      <exercise countin="4" name="cole--1-01--191" tempo="120"/>
      <exercise countin="3" name="cole--1-01--192" tempo="120"/>
      <exercise countin="4" name="cole--1-01--193" tempo="120"/>
      <exercise countin="4" name="cole--1-01--194" tempo="120"/>
      <exercise countin="3" name="cole--1-01--195" tempo="120"/>
      <exercise countin="4" name="cole--1-01--196" tempo="120"/>
      <exercise countin="4" name="cole--1-01--197" tempo="120"/>
      <exercise countin="2.0" name="cole--1-01--198" tempo="120"/>
      <exercise countin="3" name="cole--1-01--199" tempo="120"/>
      <exercise countin="3" name="cole--1-01--200" tempo="120"/>
      <exercise countin="4" name="cole--1-01--201" tempo="120"/>
      <exercise countin="2.0" name="cole--1-01--202" tempo="120"/>
      <exercise countin="2.0" name="cole--1-01--203" tempo="120"/>
      <exercise countin="3" name="cole--1-01--204" tempo="120"/>
      <exercise countin="3" name="cole--1-01--205" tempo="120"/>
      <exercise countin="4" name="cole--1-01--206" tempo="120"/>
      <exercise countin="4" name="cole--1-01--207" tempo="120"/>
      <exercise countin="4" name="cole--1-01--208" tempo="120"/>
      <exercise countin="4" name="cole--1-01--209" tempo="120"/>
      <exercise countin="4" name="cole--1-01--210" tempo="120"/>
      <exercise countin="4" name="cole--1-01--211" tempo="120"/>
      <exercise countin="4" name="cole--1-01--212" tempo="120"/>
      <exercise countin="3" name="cole--1-01--213" tempo="120"/>
      <exercise countin="3" name="cole--1-01--214" tempo="120"/>
      <exercise countin="4" name="cole--1-01--215" tempo="120"/>
      <exercise countin="4" name="cole--1-01--216" tempo="120"/>
      <exercise countin="3" name="cole--1-01--217" tempo="120"/>
      <exercise countin="2.0" name="cole--1-01--218" tempo="120"/>
      <exercise countin="2.0" name="cole--1-01--219" tempo="120"/>
      <exercise countin="4" name="cole--1-01--220" tempo="120"/>
      <exercise countin="4" name="cole--1-01--221" tempo="120"/>
      <exercise countin="4" name="cole--1-01--222" tempo="120"/>
      <exercise countin="3" name="cole--1-01--223" tempo="120"/>
      <exercise countin="3" name="cole--1-01--224" tempo="120"/>
      <exercise countin="3" name="cole--1-01--225" tempo="120"/>
      <exercise countin="4" name="cole--1-01--226" tempo="120"/>
      <exercise countin="4" name="cole--1-01--227" tempo="120"/>
      <exercise countin="4" name="cole--1-01--228" tempo="120"/>
      <exercise countin="4" name="cole--1-01--229" tempo="120"/>
      <exercise countin="4" name="cole--1-01--230" tempo="120"/>
      <exercise countin="4" name="cole--1-01--231" tempo="120"/>
      <exercise countin="4" name="cole--1-01--232" tempo="120"/>
      <exercise countin="3" name="cole--1-01--233" tempo="120"/>
      <exercise countin="3" name="cole--1-01--234" tempo="120"/>
      <exercise countin="3" name="cole--1-01--235" tempo="120"/>
      <exercise countin="3" name="cole--1-01--236" tempo="120"/>
      <exercise countin="4" name="cole--1-01--237" tempo="120"/>
      <exercise countin="4" name="cole--1-01--238" tempo="120"/>
      <exercise countin="3" name="cole--1-01--239" tempo="120"/>
      <exercise countin="3" name="cole--1-01--240" tempo="120"/>
      <exercise countin="3" name="cole--1-01--241" tempo="120"/>
      <exercise countin="2.0" name="cole--1-01--242" tempo="120"/>
      <exercise countin="3" name="cole--1-01--243" tempo="120"/>
      <exercise countin="3" name="cole--1-01--244" tempo="120"/>
      <exercise countin="3" name="cole--1-01--245" tempo="120"/>
      <exercise countin="3" name="cole--1-01--246" tempo="120"/>
      <exercise countin="3" name="cole--1-01--247" tempo="120"/>
      <exercise countin="4" name="cole--1-01--248" tempo="120"/>
      <exercise countin="3" name="cole--1-01--249" tempo="120"/>
      <exercise countin="3" name="cole--1-01--250" tempo="120"/>
      <exercise countin="4" name="cole--1-01--251" tempo="120"/>
      <exercise countin="3" name="cole--1-01--252" tempo="120"/>
      <exercise countin="3" name="cole--1-01--253" tempo="120"/>
      <exercise countin="2.0" name="cole--1-01--254" tempo="120"/>
      <exercise countin="2.0" name="cole--1-01--255" tempo="120"/>
      <exercise countin="3" name="cole--1-01--256" tempo="120"/>
      <exercise countin="4" name="cole--1-01--257" tempo="120"/>
      <exercise countin="4" name="cole--1-01--258" tempo="120"/>
      <exercise countin="3" name="cole--1-01--259" tempo="120"/>
      <exercise countin="3" name="cole--1-01--260" tempo="120"/>
      <exercise countin="4" name="cole--1-01--261" tempo="120"/>
      <exercise countin="4" name="cole--1-01--262" tempo="120"/>
      <exercise countin="3" name="cole--1-01--263" tempo="120"/>
      <exercise countin="3" name="cole--1-01--264" tempo="120"/>
      <exercise countin="3" name="cole--1-01--265" tempo="120"/>
      <exercise countin="4" name="cole--1-01--266" tempo="120"/>
      <exercise countin="4" name="cole--1-01--267" tempo="120"/>
      <exercise countin="4" name="cole--1-01--268" tempo="120"/>
      <exercise countin="2.0" name="cole--1-01--269" tempo="120"/>
      <exercise countin="2.0" name="cole--1-01--270" tempo="120"/>
      <exercise countin="4" name="cole--1-01--271" tempo="120"/>
      <exercise countin="4" name="cole--1-01--272" tempo="120"/>
      <exercise countin="4" name="cole--1-01--273" tempo="120"/>
      <exercise countin="3" name="cole--1-01--274" tempo="120"/>
      <exercise countin="4" name="cole--1-01--275" tempo="120"/>
      <exercise countin="4" name="cole--1-01--276" tempo="120"/>
      <exercise countin="4" name="cole--1-01--277" tempo="120"/>
      <exercise countin="4" name="cole--1-01--278" tempo="120"/>
      <exercise countin="4" name="cole--1-01--279" tempo="120"/>
      <exercise countin="2.0" name="cole--1-01--280" tempo="120"/>
      <exercise countin="3" name="cole--1-01--281" tempo="120"/>
      <exercise countin="4" name="cole--1-01--282" tempo="120"/>
      <exercise countin="4" name="cole--1-01--283" tempo="120"/>
      <exercise countin="4" name="cole--1-01--284" tempo="120"/>
      <exercise countin="4" name="cole--1-01--285" tempo="120"/>
      <exercise countin="3" name="cole--1-01--286" tempo="120"/>
      <exercise countin="3" name="cole--1-01--287" tempo="120"/>
      <exercise countin="2" name="cole--1-01--288" tempo="120"/>
      <exercise countin="2" name="cole--1-01--289" tempo="120"/>
      <exercise countin="2" name="cole--1-01--290" tempo="120"/>
      <exercise countin="3" name="cole--1-01--291" tempo="120"/>
      <exercise countin="2.0" name="cole--1-01--292" tempo="120"/>
      <exercise countin="2.0" name="cole--1-01--293" tempo="120"/>
      <exercise countin="2.0" name="cole--1-01--294" tempo="120"/>
      <exercise countin="4" name="cole--1-01--295" tempo="120"/>
      <exercise countin="4" name="cole--1-01--296" tempo="120"/>
      <exercise countin="3" name="cole--1-01--297" tempo="120"/>
      <exercise countin="3" name="cole--1-01--298" tempo="120"/>
      <exercise countin="3" name="cole--1-01--299" tempo="120"/>
      <exercise countin="3" name="cole--1-01--300" tempo="120"/>
      <exercise countin="2" name="cole--1-01--301" tempo="120"/>
      <exercise countin="2" name="cole--1-01--302" tempo="120"/>
      <exercise countin="3" name="cole--1-01--303" tempo="120"/>
      <exercise countin="4" name="cole--1-01--304" tempo="120"/>
      <exercise countin="4" name="cole--1-01--305" tempo="120"/>
      <exercise countin="3" name="cole--1-01--306" tempo="120"/>
      <exercise countin="2" name="cole--1-01--307" tempo="120"/>
      <exercise countin="2" name="cole--1-01--308" tempo="120"/>
      <exercise countin="1.66666666667" name="cole--1-01--309" tempo="120"/>
      <exercise countin="4" name="cole--1-01--310" tempo="120"/>
      <exercise countin="3" name="cole--1-01--311" tempo="120"/>
      <exercise countin="2" name="cole--1-01--312" tempo="120"/>
      <exercise countin="4" name="cole--1-01--313" tempo="120"/>
      <exercise countin="1.66666666667" name="cole--1-01--314" tempo="120"/>
      <exercise countin="3" name="cole--1-01--315" tempo="120"/>
      <exercise countin="3" name="cole--1-01--316" tempo="120"/>
      <exercise countin="3" name="cole--1-01--317" tempo="120"/>
      <exercise countin="4" name="cole--1-01--318" tempo="120"/>
      <exercise countin="4" name="cole--1-01--319" tempo="120"/>
      <exercise countin="4" name="cole--1-01--320" tempo="120"/>
      <exercise countin="4" name="cole--1-01--321" tempo="120"/>
      <exercise countin="4" name="cole--1-01--322" tempo="120"/>
      <exercise countin="4" name="cole--1-01--323" tempo="120"/>
      <exercise countin="3" name="cole--1-01--324" tempo="120"/>
      <exercise countin="3" name="cole--1-01--325" tempo="120"/>
      <exercise countin="4" name="cole--1-01--326" tempo="120"/>
      <exercise countin="4" name="cole--1-01--327" tempo="120"/>
      <exercise countin="4" name="cole--1-01--328" tempo="120"/>
      <exercise countin="4" name="cole--1-01--329" tempo="120"/>
      <exercise countin="2.0" name="cole--1-01--330" tempo="120"/>
      <exercise countin="2.0" name="cole--1-01--331" tempo="120"/>
      <exercise countin="4" name="cole--1-01--332" tempo="120"/>
      <exercise countin="4" name="cole--1-01--333" tempo="120"/>
      <exercise countin="4" name="cole--1-01--334" tempo="120"/>
      <exercise countin="3" name="cole--1-01--335" tempo="120"/>
      <exercise countin="3" name="cole--1-01--336" tempo="120"/>
      <exercise countin="4" name="cole--1-01--337" tempo="120"/>
      <exercise countin="4" name="cole--1-01--338" tempo="120"/>
      <exercise countin="4" name="cole--1-01--339" tempo="120"/>
      <exercise countin="4" name="cole--1-01--340" tempo="120"/>
      <exercise countin="3" name="cole--1-01--341" tempo="120"/>
      <exercise countin="3" name="cole--1-01--342" tempo="120"/>
      <exercise countin="2.0" name="cole--1-01--343" tempo="120"/>
      <exercise countin="4" name="cole--1-01--344" tempo="120"/>
      <exercise countin="2" name="cole--1-01--345" tempo="120"/>
      <exercise countin="4" name="cole--1-01--346" tempo="120"/>
      <exercise countin="4" name="cole--1-01--347" tempo="120"/>
      <exercise countin="4" name="cole--1-01--348" tempo="120"/>
      <exercise countin="4" name="cole--1-01--349" tempo="120"/>
      <exercise countin="4" name="cole--1-01--350" tempo="120"/>
      <exercise countin="4" name="cole--1-01--351" tempo="120"/>
      <exercise countin="4" name="cole--1-01--352" tempo="120"/>
      <exercise countin="4" name="cole--1-01--353" tempo="120"/>
      <exercise countin="4" name="cole--1-01--354" tempo="120"/>
      <exercise countin="4" name="cole--1-01--355" tempo="120"/>
      <exercise countin="4" name="cole--1-01--356" tempo="120"/>
      <exercise countin="4" name="cole--1-01--357" tempo="120"/>
      <exercise countin="4" name="cole--1-01--358" tempo="120"/>
      <exercise countin="4" name="cole--1-01--359" tempo="120"/>
      <exercise countin="4" name="cole--1-01--360" tempo="120"/>
      <exercise countin="4" name="cole--1-01--361" tempo="120"/>
      <exercise countin="4" name="cole--1-01--362" tempo="120"/>
      <exercise countin="4" name="cole--1-01--363" tempo="120"/>
      <exercise countin="4" name="cole--1-01--364" tempo="120"/>
      <exercise countin="4" name="cole--1-01--365" tempo="120"/>
      <exercise countin="4" name="cole--1-01--366" tempo="120"/>
      <exercise countin="4" name="cole--1-01--367" tempo="120"/>
      <exercise countin="4" name="cole--1-01--368" tempo="120"/>
      <exercise countin="4" name="cole--1-01--369" tempo="120"/>
      <exercise countin="4" name="cole--1-01--370" tempo="120"/>
      <exercise countin="4" name="cole--1-01--371" tempo="120"/>
      <exercise countin="4" name="cole--1-01--372" tempo="120"/>
      <exercise countin="4" name="cole--1-01--373" tempo="120"/>
      <exercise countin="4" name="cole--1-01--374" tempo="120"/>
      <exercise countin="4" name="cole--1-01--375" tempo="120"/>
      <exercise countin="4" name="cole--1-01--376" tempo="120"/>
      <exercise countin="4" name="cole--1-01--377" tempo="120"/>
      <exercise countin="4" name="cole--1-01--378" tempo="120"/>
      <exercise countin="4" name="cole--1-01--379" tempo="120"/>
      <exercise countin="4" name="cole--1-01--380" tempo="120"/>
      <exercise countin="4" name="cole--1-01--381" tempo="120"/>
      <exercise countin="4" name="cole--1-01--382" tempo="120"/>
      <exercise countin="3" name="cole--1-01--383" tempo="120"/>
      <exercise countin="4" name="cole--1-01--384" tempo="120"/>
      <exercise countin="4" name="cole--1-01--385" tempo="120"/>
      <exercise countin="3" name="cole--1-01--386" tempo="120"/>
      <exercise countin="3" name="cole--1-01--387" tempo="120"/>
      <exercise countin="3" name="cole--1-01--388" tempo="120"/>
      <exercise countin="3" name="cole--1-01--389" tempo="120"/>
      <exercise countin="3" name="cole--1-01--390" tempo="120"/>
      <exercise countin="4" name="cole--1-01--391" tempo="120"/>
      <exercise countin="4" name="cole--1-01--392" tempo="120"/>
      <exercise countin="4" name="cole--1-01--393" tempo="120"/>
      <exercise countin="3" name="cole--1-01--394" tempo="120"/>
      <exercise countin="3" name="cole--1-01--395" tempo="120"/>
      <exercise countin="3" name="cole--1-01--396" tempo="120"/>
      <exercise countin="3" name="cole--1-01--397" tempo="120"/>
      <exercise countin="3" name="cole--1-01--398" tempo="120"/>
      <exercise countin="3" name="cole--1-01--399" tempo="120"/>
      <exercise countin="4" name="cole--1-01--400" tempo="120"/>
      <exercise countin="4" name="cole--1-01--401" tempo="120"/>
      <exercise countin="4" name="cole--1-01--402" tempo="120"/>
      <exercise countin="3" name="cole--1-01--403" tempo="120"/>
      <exercise countin="3" name="cole--1-01--404" tempo="120"/>
      <exercise countin="3" name="cole--1-01--405" tempo="120"/>
      <exercise countin="3" name="cole--1-01--406" tempo="120"/>
      <exercise countin="3" name="cole--1-01--407" tempo="120"/>
      <exercise countin="3" name="cole--1-01--408" tempo="120"/>
      <exercise countin="4" name="cole--1-01--409" tempo="120"/>
      <exercise countin="4" name="cole--1-01--410" tempo="120"/>
      <exercise countin="3" name="cole--1-01--411" tempo="120"/>
      <exercise countin="3" name="cole--1-01--412" tempo="120"/>
      <exercise countin="3" name="cole--1-01--413" tempo="120"/>
      <exercise countin="3" name="cole--1-01--414" tempo="120"/>
      <exercise countin="2.0" name="cole--1-01--415" tempo="120"/>
      <exercise countin="2.0" name="cole--1-01--416" tempo="120"/>
      <exercise countin="2.0" name="cole--1-01--417" tempo="120"/>
      <exercise countin="4" name="cole--1-01--418" tempo="120"/>
      <exercise countin="3" name="cole--1-01--419" tempo="120"/>
      <exercise countin="4" name="cole--1-01--420" tempo="120"/>
      <exercise countin="3" name="cole--1-01--421" tempo="120"/>
      <exercise countin="4" name="cole--1-01--422" tempo="120"/>
      <exercise countin="3" name="cole--1-01--423" tempo="120"/>
      <exercise countin="4" name="cole--1-01--424" tempo="120"/>
      <exercise countin="2" name="cole--1-02--001" tempo="120"/>
      <exercise countin="2" name="cole--1-02--002" tempo="120"/>
      <exercise countin="2" name="cole--1-02--003" tempo="120"/>
      <exercise countin="2" name="cole--1-02--004" tempo="120"/>
      <exercise countin="2" name="cole--1-02--005" tempo="120"/>
      <exercise countin="2" name="cole--1-02--006" tempo="120"/>
      <exercise countin="4" name="cole--1-02--007" tempo="120"/>
      <exercise countin="4" name="cole--1-02--008" tempo="120"/>
      <exercise countin="4" name="cole--1-02--009" tempo="120"/>
      <exercise countin="4" name="cole--1-02--010" tempo="120"/>
      <exercise countin="4" name="cole--1-02--011" tempo="120"/>
      <exercise countin="4" name="cole--1-02--012" tempo="120"/>
      <exercise countin="4" name="cole--1-02--013" tempo="120"/>
      <exercise countin="4" name="cole--1-02--014" tempo="120"/>
      <exercise countin="4" name="cole--1-02--015" tempo="120"/>
      <exercise countin="4" name="cole--1-02--016" tempo="120"/>
      <exercise countin="4" name="cole--1-02--017" tempo="120"/>
      <exercise countin="4" name="cole--1-02--018" tempo="120"/>
      <exercise countin="3" name="cole--1-02--019" tempo="120"/>
      <exercise countin="3" name="cole--1-02--020" tempo="120"/>
      <exercise countin="3" name="cole--1-02--021" tempo="120"/>
      <exercise countin="3" name="cole--1-02--022" tempo="120"/>
      <exercise countin="3" name="cole--1-02--023" tempo="120"/>
      <exercise countin="3" name="cole--1-02--024" tempo="120"/>
      <exercise countin="2.0" name="cole--1-02--025" tempo="120"/>
      <exercise countin="2" name="cole--1-02--026" tempo="120"/>
      <exercise countin="2.0" name="cole--1-02--027" tempo="120"/>
      <exercise countin="2.0" name="cole--1-02--028" tempo="120"/>
      <exercise countin="2.0" name="cole--1-02--029" tempo="120"/>
      <exercise countin="4" name="cole--1-02--030" tempo="120"/>
      <exercise countin="4" name="cole--1-02--031" tempo="120"/>
      <exercise countin="4" name="cole--1-02--032" tempo="120"/>
      <exercise countin="2" name="cole--1-02--033" tempo="120"/>
      <exercise countin="2" name="cole--1-02--034" tempo="120"/>
      <exercise countin="4" name="cole--1-02--035" tempo="120"/>
      <exercise countin="4" name="cole--1-02--036" tempo="120"/>
      <exercise countin="3" name="cole--1-02--037" tempo="120"/>
      <exercise countin="3" name="cole--1-02--038" tempo="120"/>
      <exercise countin="3" name="cole--1-02--039" tempo="120"/>
      <exercise countin="1" name="cole--1-02--040" tempo="120"/>
      <exercise countin="4" name="cole--1-02--041" tempo="120"/>
      <exercise countin="2.0" name="cole--1-02--042" tempo="120"/>
      <exercise countin="4" name="cole--1-02--043" tempo="120"/>
      <exercise countin="4" name="cole--1-02--044" tempo="120"/>
      <exercise countin="4" name="cole--1-02--045" tempo="120"/>
      <exercise countin="4" name="cole--1-02--046" tempo="120"/>
      <exercise countin="4" name="cole--1-02--047" tempo="120"/>
      <exercise countin="3" name="cole--1-02--048" tempo="120"/>
      <exercise countin="2" name="cole--1-02--049" tempo="120"/>
      <exercise countin="2" name="cole--1-02--050" tempo="120"/>
      <exercise countin="2" name="cole--1-02--051" tempo="120"/>
      <exercise countin="2" name="cole--1-02--052" tempo="120"/>
      <exercise countin="2.0" name="cole--1-02--053" tempo="120"/>
      <exercise countin="3" name="cole--1-02--054" tempo="120"/>
      <exercise countin="2.0" name="cole--1-02--055" tempo="120"/>
      <exercise countin="4" name="cole--1-02--056" tempo="120"/>
      <exercise countin="3" name="cole--1-02--057" tempo="120"/>
      <exercise countin="3" name="cole--1-02--058" tempo="120"/>
      <exercise countin="4" name="cole--1-02--059" tempo="120"/>
      <exercise countin="2.0" name="cole--1-02--060" tempo="120"/>
      <exercise countin="3" name="cole--1-02--061" tempo="120"/>
      <exercise countin="2" name="cole--1-02--062" tempo="120"/>
      <exercise countin="4" name="cole--1-02--063" tempo="120"/>
      <exercise countin="3" name="cole--1-02--064" tempo="120"/>
      <exercise countin="2.0" name="cole--1-02--065" tempo="120"/>
      <exercise countin="2.0" name="cole--1-02--066" tempo="120"/>
      <exercise countin="3" name="cole--1-02--067" tempo="120"/>
      <exercise countin="3" name="cole--1-02--068" tempo="120"/>
      <exercise countin="3" name="cole--1-02--069" tempo="120"/>
      <exercise countin="4" name="cole--1-02--070" tempo="120"/>
      <exercise countin="2" name="cole--1-02--071" tempo="120"/>
      <exercise countin="3" name="cole--1-02--072" tempo="120"/>
      <exercise countin="2" name="cole--1-02--073" tempo="120"/>
      <exercise countin="3" name="cole--1-02--074" tempo="120"/>
      <exercise countin="4" name="cole--1-02--075" tempo="120"/>
      <exercise countin="4" name="cole--1-02--076" tempo="120"/>
      <exercise countin="3" name="cole--1-02--077" tempo="120"/>
      <exercise countin="3" name="cole--1-02--078" tempo="120"/>
      <exercise countin="2.0" name="cole--1-02--079" tempo="120"/>
      <exercise countin="3" name="cole--1-02--080" tempo="120"/>
      <exercise countin="2.0" name="cole--1-02--081" tempo="120"/>
      <exercise countin="4" name="cole--1-02--082" tempo="120"/>
      <exercise countin="2" name="cole--1-02--083" tempo="120"/>
      <exercise countin="4" name="cole--1-02--084" tempo="120"/>
      <exercise countin="3" name="cole--1-02--085" tempo="120"/>
      <exercise countin="3" name="cole--1-02--086" tempo="120"/>
      <exercise countin="3" name="cole--1-02--087" tempo="120"/>
      <exercise countin="3" name="cole--1-02--088" tempo="120"/>
      <exercise countin="3" name="cole--1-02--089" tempo="120"/>
      <exercise countin="2" name="cole--1-02--090" tempo="120"/>
      <exercise countin="2.0" name="cole--1-02--091" tempo="120"/>
      <exercise countin="4" name="cole--1-02--092" tempo="120"/>
      <exercise countin="3" name="cole--1-02--093" tempo="120"/>
      <exercise countin="4" name="cole--1-02--094" tempo="120"/>
      <exercise countin="2" name="cole--1-02--095" tempo="120"/>
      <exercise countin="3" name="cole--1-02--096" tempo="120"/>
      <exercise countin="3" name="cole--1-02--097" tempo="120"/>
      <exercise countin="4" name="cole--1-02--098" tempo="120"/>
      <exercise countin="4" name="cole--1-02--099" tempo="120"/>
      <exercise countin="4" name="cole--1-02--100" tempo="120"/>
      <exercise countin="3" name="cole--1-02--101" tempo="120"/>
      <exercise countin="4" name="cole--1-02--102" tempo="120"/>
      <exercise countin="2.0" name="cole--1-02--103" tempo="120"/>
      <exercise countin="2.0" name="cole--1-02--104" tempo="120"/>
      <exercise countin="4" name="cole--1-02--105" tempo="120"/>
      <exercise countin="3" name="cole--1-02--106" tempo="120"/>
      <exercise countin="2.0" name="cole--1-02--107" tempo="120"/>
      <exercise countin="3" name="cole--1-02--108" tempo="120"/>
      <exercise countin="4" name="cole--1-02--109" tempo="120"/>
      <exercise countin="3" name="cole--1-02--110" tempo="120"/>
      <exercise countin="3" name="cole--1-02--111" tempo="120"/>
      <exercise countin="2" name="cole--1-02--112" tempo="120"/>
      <exercise countin="4" name="cole--1-02--113" tempo="120"/>
      <exercise countin="2.0" name="cole--1-02--114" tempo="120"/>
      <exercise countin="3" name="cole--1-02--115" tempo="120"/>
      <exercise countin="4" name="cole--1-02--116" tempo="120"/>
      <exercise countin="3" name="cole--1-02--117" tempo="120"/>
      <exercise countin="3" name="cole--1-02--118" tempo="120"/>
      <exercise countin="4" name="cole--1-02--119" tempo="120"/>
    </progress>
  </latido>
