<?xml version="1.0" ?>
  <latido>
    <name>1000 Exercises by Sir Arthur Somervell</name>
    <modulekey>somervel</modulekey>
    <imageextension>png</imageextension>
    <midiextension>mid</midiextension>
    <progress>
      <exercise countin="2" name="somervell--008" tempo="120"/>
      <exercise countin="2" name="somervell--016" tempo="120"/>
      <exercise countin="2" name="somervell--017" tempo="120"/>
      <exercise countin="2" name="somervell--018" tempo="120"/>
      <exercise countin="2" name="somervell--019" tempo="120"/>
      <exercise countin="2" name="somervell--020" tempo="120"/>
      <exercise countin="2" name="somervell--021" tempo="120"/>
      <exercise countin="3" name="somervell--022" tempo="120"/>
      <exercise countin="2" name="somervell--023" tempo="120"/>
      <exercise countin="2" name="somervell--032" tempo="120"/>
      <exercise countin="2" name="somervell--033" tempo="120"/>
      <exercise countin="2" name="somervell--034" tempo="120"/>
      <exercise countin="2" name="somervell--035" tempo="120"/>
      <exercise countin="2" name="somervell--036" tempo="120"/>
      <exercise countin="2" name="somervell--037" tempo="120"/>
      <exercise countin="2" name="somervell--038" tempo="120"/>
      <exercise countin="2" name="somervell--039" tempo="120"/>
      <exercise countin="2" name="somervell--040" tempo="120"/>
      <exercise countin="3" name="somervell--041" tempo="120"/>
      <exercise countin="3" name="somervell--045" tempo="120"/>
      <exercise countin="3" name="somervell--046" tempo="120"/>
      <exercise countin="3" name="somervell--047" tempo="120"/>
      <exercise countin="2" name="somervell--048" tempo="120"/>
      <exercise countin="3" name="somervell--049" tempo="120"/>
      <exercise countin="3" name="somervell--050" tempo="120"/>
      <exercise countin="4" name="somervell--055" tempo="120"/>
      <exercise countin="4" name="somervell--056" tempo="120"/>
      <exercise countin="4" name="somervell--057" tempo="120"/>
      <exercise countin="2" name="somervell--058" tempo="120"/>
      <exercise countin="2" name="somervell--059" tempo="120"/>
      <exercise countin="2" name="somervell--060" tempo="120"/>
      <exercise countin="2" name="somervell--061" tempo="120"/>
      <exercise countin="2" name="somervell--062" tempo="120"/>
      <exercise countin="3" name="somervell--063" tempo="120"/>
      <exercise countin="4" name="somervell--064" tempo="120"/>
      <exercise countin="4" name="somervell--065" tempo="120"/>
      <exercise countin="3" name="somervell--066" tempo="120"/>
      <exercise countin="4" name="somervell--067" tempo="120"/>
      <exercise countin="4" name="somervell--068" tempo="120"/>
      <exercise countin="4" name="somervell--069" tempo="120"/>
      <exercise countin="4" name="somervell--070" tempo="120"/>
      <exercise countin="4" name="somervell--071" tempo="120"/>
      <exercise countin="3" name="somervell--072" tempo="120"/>
      <exercise countin="4" name="somervell--073" tempo="120"/>
      <exercise countin="2" name="somervell--074" tempo="120"/>
      <exercise countin="3" name="somervell--075" tempo="120"/>
      <exercise countin="4" name="somervell--076" tempo="120"/>
      <exercise countin="2" name="somervell--081" tempo="120"/>
      <exercise countin="3" name="somervell--082" tempo="120"/>
      <exercise countin="4" name="somervell--083" tempo="120"/>
      <exercise countin="2" name="somervell--084" tempo="120"/>
      <exercise countin="2" name="somervell--085" tempo="120"/>
      <exercise countin="2" name="somervell--086" tempo="120"/>
      <exercise countin="3" name="somervell--087" tempo="120"/>
      <exercise countin="2" name="somervell--088" tempo="120"/>
      <exercise countin="3" name="somervell--089" tempo="120"/>
      <exercise countin="2" name="somervell--090" tempo="120"/>
      <exercise countin="3" name="somervell--091" tempo="120"/>
      <exercise countin="4" name="somervell--092" tempo="120"/>
      <exercise countin="3" name="somervell--093" tempo="120"/>
      <exercise countin="4" name="somervell--094" tempo="120"/>
      <exercise countin="2" name="somervell--095" tempo="120"/>
      <exercise countin="3" name="somervell--096" tempo="120"/>
      <exercise countin="4" name="somervell--097" tempo="120"/>
      <exercise countin="2" name="somervell--101" tempo="120"/>
      <exercise countin="3" name="somervell--102" tempo="120"/>
      <exercise countin="4" name="somervell--103" tempo="120"/>
      <exercise countin="4" name="somervell--104" tempo="120"/>
      <exercise countin="2" name="somervell--105" tempo="120"/>
      <exercise countin="3" name="somervell--106" tempo="120"/>
      <exercise countin="4" name="somervell--107" tempo="120"/>
      <exercise countin="3" name="somervell--108" tempo="120"/>
      <exercise countin="2" name="somervell--109" tempo="120"/>
      <exercise countin="3" name="somervell--110" tempo="120"/>
      <exercise countin="4" name="somervell--111" tempo="120"/>
      <exercise countin="2" name="somervell--112" tempo="120"/>
      <exercise countin="2" name="somervell--113" tempo="120"/>
      <exercise countin="3" name="somervell--114" tempo="120"/>
      <exercise countin="3" name="somervell--115" tempo="120"/>
      <exercise countin="3" name="somervell--116" tempo="120"/>
      <exercise countin="3" name="somervell--117" tempo="120"/>
      <exercise countin="3" name="somervell--118" tempo="120"/>
      <exercise countin="2" name="somervell--119" tempo="120"/>
      <exercise countin="3" name="somervell--120" tempo="120"/>
      <exercise countin="2" name="somervell--121" tempo="120"/>
      <exercise countin="3" name="somervell--122" tempo="120"/>
      <exercise countin="4" name="somervell--123" tempo="120"/>
      <exercise countin="3" name="somervell--124" tempo="120"/>
      <exercise countin="3" name="somervell--125" tempo="120"/>
      <exercise countin="3" name="somervell--126" tempo="120"/>
      <exercise countin="4" name="somervell--127" tempo="120"/>
      <exercise countin="3" name="somervell--128" tempo="120"/>
      <exercise countin="2" name="somervell--129" tempo="120"/>
      <exercise countin="3" name="somervell--130" tempo="120"/>
      <exercise countin="4" name="somervell--131" tempo="120"/>
      <exercise countin="2" name="somervell--132" tempo="120"/>
      <exercise countin="2" name="somervell--133" tempo="120"/>
      <exercise countin="3" name="somervell--134" tempo="120"/>
      <exercise countin="3" name="somervell--135" tempo="120"/>
      <exercise countin="4" name="somervell--136" tempo="120"/>
      <exercise countin="2" name="somervell--137" tempo="120"/>
      <exercise countin="3" name="somervell--138" tempo="120"/>
      <exercise countin="4" name="somervell--139" tempo="120"/>
      <exercise countin="2" name="somervell--140" tempo="120"/>
      <exercise countin="3" name="somervell--141" tempo="120"/>
      <exercise countin="4" name="somervell--142" tempo="120"/>
      <exercise countin="4" name="somervell--143" tempo="120"/>
      <exercise countin="3" name="somervell--144" tempo="120"/>
      <exercise countin="2" name="somervell--145" tempo="120"/>
      <exercise countin="2" name="somervell--146" tempo="120"/>
      <exercise countin="2" name="somervell--147" tempo="120"/>
      <exercise countin="3" name="somervell--148" tempo="120"/>
      <exercise countin="2" name="somervell--149" tempo="120"/>
      <exercise countin="3" name="somervell--150" tempo="120"/>
      <exercise countin="3" name="somervell--151" tempo="120"/>
      <exercise countin="2" name="somervell--152" tempo="120"/>
      <exercise countin="3" name="somervell--153" tempo="120"/>
      <exercise countin="3" name="somervell--154" tempo="120"/>
      <exercise countin="4" name="somervell--155" tempo="120"/>
      <exercise countin="2" name="somervell--156" tempo="120"/>
      <exercise countin="2" name="somervell--157" tempo="120"/>
      <exercise countin="3" name="somervell--158" tempo="120"/>
      <exercise countin="2" name="somervell--159" tempo="120"/>
      <exercise countin="2" name="somervell--160" tempo="120"/>
      <exercise countin="2" name="somervell--161" tempo="120"/>
      <exercise countin="2" name="somervell--162" tempo="120"/>
      <exercise countin="3" name="somervell--163" tempo="120"/>
      <exercise countin="2" name="somervell--164" tempo="120"/>
      <exercise countin="4" name="somervell--165" tempo="120"/>
      <exercise countin="3" name="somervell--166" tempo="120"/>
      <exercise countin="3" name="somervell--167" tempo="120"/>
      <exercise countin="3" name="somervell--168" tempo="120"/>
      <exercise countin="2" name="somervell--169" tempo="120"/>
      <exercise countin="2" name="somervell--170" tempo="120"/>
      <exercise countin="3" name="somervell--171" tempo="120"/>
      <exercise countin="2" name="somervell--172" tempo="120"/>
      <exercise countin="2" name="somervell--173" tempo="120"/>
      <exercise countin="2" name="somervell--178" tempo="120"/>
      <exercise countin="3" name="somervell--179" tempo="120"/>
      <exercise countin="4" name="somervell--180" tempo="120"/>
      <exercise countin="2" name="somervell--185" tempo="120"/>
      <exercise countin="2" name="somervell--193" tempo="120"/>
      <exercise countin="3" name="somervell--194" tempo="120"/>
      <exercise countin="4" name="somervell--195" tempo="120"/>
      <exercise countin="4" name="somervell--196" tempo="120"/>
      <exercise countin="3" name="somervell--197" tempo="120"/>
      <exercise countin="3" name="somervell--198" tempo="120"/>
      <exercise countin="2.0" name="somervell--199" tempo="120"/>
      <exercise countin="4" name="somervell--200" tempo="120"/>
      <exercise countin="2" name="somervell--201" tempo="120"/>
      <exercise countin="2" name="somervell--202" tempo="120"/>
      <exercise countin="3" name="somervell--203" tempo="120"/>
      <exercise countin="3" name="somervell--204" tempo="120"/>
      <exercise countin="2" name="somervell--205" tempo="120"/>
      <exercise countin="3" name="somervell--206" tempo="120"/>
      <exercise countin="3" name="somervell--207" tempo="120"/>
      <exercise countin="2" name="somervell--208" tempo="120"/>
      <exercise countin="3" name="somervell--209" tempo="120"/>
      <exercise countin="2" name="somervell--210" tempo="120"/>
      <exercise countin="3" name="somervell--211" tempo="120"/>
      <exercise countin="2" name="somervell--212" tempo="120"/>
      <exercise countin="4" name="somervell--213" tempo="120"/>
      <exercise countin="2" name="somervell--214" tempo="120"/>
      <exercise countin="3" name="somervell--215" tempo="120"/>
      <exercise countin="4" name="somervell--216" tempo="120"/>
      <exercise countin="4" name="somervell--217" tempo="120"/>
      <exercise countin="3" name="somervell--218" tempo="120"/>
      <exercise countin="3" name="somervell--219" tempo="120"/>
      <exercise countin="3" name="somervell--220" tempo="120"/>
      <exercise countin="3" name="somervell--221" tempo="120"/>
      <exercise countin="4" name="somervell--222" tempo="120"/>
      <exercise countin="3" name="somervell--223" tempo="120"/>
      <exercise countin="2" name="somervell--224" tempo="120"/>
      <exercise countin="3" name="somervell--225" tempo="120"/>
      <exercise countin="4" name="somervell--226" tempo="120"/>
      <exercise countin="2" name="somervell--227" tempo="120"/>
      <exercise countin="2" name="somervell--228" tempo="120"/>
      <exercise countin="2" name="somervell--229" tempo="120"/>
      <exercise countin="3" name="somervell--230" tempo="120"/>
      <exercise countin="2" name="somervell--231" tempo="120"/>
      <exercise countin="3" name="somervell--232" tempo="120"/>
      <exercise countin="2" name="somervell--233" tempo="120"/>
      <exercise countin="2" name="somervell--234" tempo="120"/>
      <exercise countin="4" name="somervell--235" tempo="120"/>
      <exercise countin="2" name="somervell--236" tempo="120"/>
      <exercise countin="4" name="somervell--237" tempo="120"/>
      <exercise countin="3" name="somervell--238" tempo="120"/>
      <exercise countin="3" name="somervell--239" tempo="120"/>
      <exercise countin="3" name="somervell--240" tempo="120"/>
      <exercise countin="4" name="somervell--241" tempo="120"/>
      <exercise countin="3" name="somervell--242" tempo="120"/>
      <exercise countin="3" name="somervell--243" tempo="120"/>
      <exercise countin="3" name="somervell--244" tempo="120"/>
      <exercise countin="3" name="somervell--245" tempo="120"/>
      <exercise countin="4" name="somervell--246" tempo="120"/>
      <exercise countin="2" name="somervell--247" tempo="120"/>
      <exercise countin="4" name="somervell--248" tempo="120"/>
      <exercise countin="2" name="somervell--249" tempo="120"/>
      <exercise countin="3" name="somervell--250" tempo="120"/>
      <exercise countin="3" name="somervell--251" tempo="120"/>
      <exercise countin="3" name="somervell--252" tempo="120"/>
      <exercise countin="2" name="somervell--253" tempo="120"/>
      <exercise countin="4" name="somervell--254" tempo="120"/>
      <exercise countin="3" name="somervell--255" tempo="120"/>
      <exercise countin="3" name="somervell--256" tempo="120"/>
      <exercise countin="2" name="somervell--257" tempo="120"/>
      <exercise countin="2" name="somervell--258" tempo="120"/>
      <exercise countin="3" name="somervell--259" tempo="120"/>
      <exercise countin="3" name="somervell--260" tempo="120"/>
      <exercise countin="3" name="somervell--261" tempo="120"/>
      <exercise countin="3" name="somervell--262" tempo="120"/>
      <exercise countin="2" name="somervell--263" tempo="120"/>
      <exercise countin="4" name="somervell--264" tempo="120"/>
      <exercise countin="2" name="somervell--265" tempo="120"/>
      <exercise countin="3" name="somervell--266" tempo="120"/>
      <exercise countin="2" name="somervell--267" tempo="120"/>
      <exercise countin="4" name="somervell--268" tempo="120"/>
      <exercise countin="2" name="somervell--269" tempo="120"/>
      <exercise countin="3" name="somervell--270" tempo="120"/>
      <exercise countin="4" name="somervell--271" tempo="120"/>
      <exercise countin="2" name="somervell--272" tempo="120"/>
      <exercise countin="2" name="somervell--273" tempo="120"/>
      <exercise countin="4" name="somervell--274" tempo="120"/>
      <exercise countin="2" name="somervell--275" tempo="120"/>
      <exercise countin="3" name="somervell--276" tempo="120"/>
      <exercise countin="3" name="somervell--277" tempo="120"/>
      <exercise countin="3" name="somervell--278" tempo="120"/>
      <exercise countin="3" name="somervell--279" tempo="120"/>
      <exercise countin="3" name="somervell--280" tempo="120"/>
      <exercise countin="2" name="somervell--281" tempo="120"/>
      <exercise countin="3" name="somervell--282" tempo="120"/>
      <exercise countin="3" name="somervell--283" tempo="120"/>
      <exercise countin="2" name="somervell--284" tempo="120"/>
      <exercise countin="4" name="somervell--285" tempo="120"/>
      <exercise countin="2" name="somervell--286" tempo="120"/>
      <exercise countin="2" name="somervell--287" tempo="120"/>
      <exercise countin="3" name="somervell--288" tempo="120"/>
      <exercise countin="3" name="somervell--289" tempo="120"/>
      <exercise countin="2" name="somervell--290" tempo="120"/>
      <exercise countin="2" name="somervell--291" tempo="120"/>
      <exercise countin="4" name="somervell--292" tempo="120"/>
      <exercise countin="4" name="somervell--293" tempo="120"/>
      <exercise countin="3" name="somervell--294" tempo="120"/>
      <exercise countin="3" name="somervell--295" tempo="120"/>
      <exercise countin="3" name="somervell--296" tempo="120"/>
      <exercise countin="3" name="somervell--297" tempo="120"/>
      <exercise countin="3" name="somervell--298" tempo="120"/>
      <exercise countin="2" name="somervell--299" tempo="120"/>
      <exercise countin="2" name="somervell--300" tempo="120"/>
      <exercise countin="3" name="somervell--301" tempo="120"/>
      <exercise countin="2" name="somervell--302" tempo="120"/>
      <exercise countin="3" name="somervell--303" tempo="120"/>
      <exercise countin="3" name="somervell--304" tempo="120"/>
      <exercise countin="4" name="somervell--305" tempo="120"/>
      <exercise countin="3" name="somervell--306" tempo="120"/>
      <exercise countin="3" name="somervell--307" tempo="120"/>
      <exercise countin="3" name="somervell--308" tempo="120"/>
      <exercise countin="2" name="somervell--309" tempo="120"/>
      <exercise countin="2" name="somervell--310" tempo="120"/>
      <exercise countin="3" name="somervell--311" tempo="120"/>
      <exercise countin="2" name="somervell--312" tempo="120"/>
      <exercise countin="2" name="somervell--313" tempo="120"/>
      <exercise countin="2" name="somervell--314" tempo="120"/>
      <exercise countin="2" name="somervell--315" tempo="120"/>
      <exercise countin="4" name="somervell--316" tempo="120"/>
      <exercise countin="2" name="somervell--317" tempo="120"/>
      <exercise countin="2.0" name="somervell--318" tempo="120"/>
      <exercise countin="2.0" name="somervell--319" tempo="120"/>
      <exercise countin="2.0" name="somervell--320" tempo="120"/>
      <exercise countin="2.0" name="somervell--321" tempo="120"/>
      <exercise countin="2.0" name="somervell--322" tempo="120"/>
      <exercise countin="1.66666666667" name="somervell--323" tempo="120"/>
      <exercise countin="2.0" name="somervell--324" tempo="120"/>
      <exercise countin="2.0" name="somervell--325" tempo="120"/>
      <exercise countin="1.66666666667" name="somervell--326" tempo="120"/>
      <exercise countin="1.66666666667" name="somervell--327" tempo="120"/>
      <exercise countin="1.66666666667" name="somervell--328" tempo="120"/>
      <exercise countin="1.66666666667" name="somervell--329" tempo="120"/>
      <exercise countin="2.0" name="somervell--330" tempo="120"/>
      <exercise countin="2.0" name="somervell--331" tempo="120"/>
      <exercise countin="2.0" name="somervell--332" tempo="120"/>
      <exercise countin="2.0" name="somervell--333" tempo="120"/>
      <exercise countin="2.0" name="somervell--334" tempo="120"/>
      <exercise countin="2.0" name="somervell--335" tempo="120"/>
      <exercise countin="1.66666666667" name="somervell--336" tempo="120"/>
      <exercise countin="1.66666666667" name="somervell--337" tempo="120"/>
      <exercise countin="2.0" name="somervell--338" tempo="120"/>
      <exercise countin="2.0" name="somervell--339" tempo="120"/>
      <exercise countin="1.66666666667" name="somervell--340" tempo="120"/>
      <exercise countin="3" name="somervell--341" tempo="120"/>
      <exercise countin="2" name="somervell--342" tempo="120"/>
      <exercise countin="3" name="somervell--343" tempo="120"/>
      <exercise countin="3" name="somervell--344" tempo="120"/>
      <exercise countin="3" name="somervell--345" tempo="120"/>
      <exercise countin="2" name="somervell--346" tempo="120"/>
      <exercise countin="3" name="somervell--347" tempo="120"/>
      <exercise countin="1.66666666667" name="somervell--348" tempo="120"/>
      <exercise countin="2.0" name="somervell--349" tempo="120"/>
      <exercise countin="3" name="somervell--350" tempo="120"/>
      <exercise countin="2.0" name="somervell--351" tempo="120"/>
      <exercise countin="2.0" name="somervell--352" tempo="120"/>
      <exercise countin="3" name="somervell--353" tempo="120"/>
      <exercise countin="3" name="somervell--354" tempo="120"/>
      <exercise countin="2" name="somervell--355" tempo="120"/>
      <exercise countin="4" name="somervell--356" tempo="120"/>
      <exercise countin="3" name="somervell--357" tempo="120"/>
      <exercise countin="2" name="somervell--358" tempo="120"/>
      <exercise countin="4" name="somervell--359" tempo="120"/>
      <exercise countin="2" name="somervell--360" tempo="120"/>
      <exercise countin="3" name="somervell--361" tempo="120"/>
      <exercise countin="3" name="somervell--362" tempo="120"/>
      <exercise countin="4" name="somervell--363" tempo="120"/>
      <exercise countin="1.66666666667" name="somervell--364" tempo="120"/>
      <exercise countin="2" name="somervell--365" tempo="120"/>
      <exercise countin="3" name="somervell--366" tempo="120"/>
      <exercise countin="4" name="somervell--367" tempo="120"/>
      <exercise countin="2.0" name="somervell--368" tempo="120"/>
      <exercise countin="2" name="somervell--369" tempo="120"/>
      <exercise countin="2" name="somervell--370" tempo="120"/>
      <exercise countin="4" name="somervell--371" tempo="120"/>
      <exercise countin="2" name="somervell--372" tempo="120"/>
      <exercise countin="2" name="somervell--373" tempo="120"/>
      <exercise countin="3" name="somervell--374" tempo="120"/>
      <exercise countin="3" name="somervell--375" tempo="120"/>
      <exercise countin="3" name="somervell--376" tempo="120"/>
      <exercise countin="3" name="somervell--377" tempo="120"/>
      <exercise countin="3" name="somervell--378" tempo="120"/>
      <exercise countin="3" name="somervell--379" tempo="120"/>
      <exercise countin="3" name="somervell--380" tempo="120"/>
      <exercise countin="2" name="somervell--381" tempo="120"/>
      <exercise countin="3" name="somervell--382" tempo="120"/>
      <exercise countin="2" name="somervell--383" tempo="120"/>
      <exercise countin="3" name="somervell--384" tempo="120"/>
      <exercise countin="2.0" name="somervell--385" tempo="120"/>
      <exercise countin="2.0" name="somervell--386" tempo="120"/>
      <exercise countin="1.66666666667" name="somervell--387" tempo="120"/>
      <exercise countin="2" name="somervell--388" tempo="120"/>
      <exercise countin="3" name="somervell--389" tempo="120"/>
      <exercise countin="3" name="somervell--390" tempo="120"/>
      <exercise countin="2" name="somervell--391" tempo="120"/>
      <exercise countin="1.66666666667" name="somervell--392" tempo="120"/>
      <exercise countin="4" name="somervell--393" tempo="120"/>
      <exercise countin="1.66666666667" name="somervell--394" tempo="120"/>
      <exercise countin="1.66666666667" name="somervell--395" tempo="120"/>
      <exercise countin="2" name="somervell--396" tempo="120"/>
      <exercise countin="2" name="somervell--397" tempo="120"/>
      <exercise countin="1.66666666667" name="somervell--398" tempo="120"/>
      <exercise countin="2.0" name="somervell--399" tempo="120"/>
      <exercise countin="2" name="somervell--400" tempo="120"/>
      <exercise countin="3" name="somervell--401" tempo="120"/>
      <exercise countin="1.66666666667" name="somervell--402" tempo="120"/>
      <exercise countin="3" name="somervell--403" tempo="120"/>
      <exercise countin="3" name="somervell--404" tempo="120"/>
      <exercise countin="2.0" name="somervell--405" tempo="120"/>
      <exercise countin="4" name="somervell--406" tempo="120"/>
      <exercise countin="2" name="somervell--407" tempo="120"/>
      <exercise countin="2" name="somervell--408" tempo="120"/>
      <exercise countin="3" name="somervell--409" tempo="120"/>
      <exercise countin="2" name="somervell--410" tempo="120"/>
      <exercise countin="2" name="somervell--411" tempo="120"/>
      <exercise countin="1.66666666667" name="somervell--412" tempo="120"/>
      <exercise countin="1.66666666667" name="somervell--413" tempo="120"/>
      <exercise countin="4" name="somervell--414" tempo="120"/>
      <exercise countin="3" name="somervell--415" tempo="120"/>
      <exercise countin="3" name="somervell--416" tempo="120"/>
      <exercise countin="3" name="somervell--417" tempo="120"/>
      <exercise countin="3" name="somervell--418" tempo="120"/>
      <exercise countin="4" name="somervell--419" tempo="120"/>
      <exercise countin="2" name="somervell--420" tempo="120"/>
      <exercise countin="1.66666666667" name="somervell--421" tempo="120"/>
      <exercise countin="3" name="somervell--422" tempo="120"/>
      <exercise countin="4" name="somervell--423" tempo="120"/>
      <exercise countin="4" name="somervell--424" tempo="120"/>
      <exercise countin="2.0" name="somervell--425" tempo="120"/>
      <exercise countin="4" name="somervell--426" tempo="120"/>
      <exercise countin="2" name="somervell--427" tempo="120"/>
      <exercise countin="4" name="somervell--428" tempo="120"/>
      <exercise countin="3" name="somervell--429" tempo="120"/>
      <exercise countin="2" name="somervell--430" tempo="120"/>
      <exercise countin="3" name="somervell--431" tempo="120"/>
      <exercise countin="3" name="somervell--432" tempo="120"/>
      <exercise countin="3" name="somervell--433" tempo="120"/>
      <exercise countin="3" name="somervell--434" tempo="120"/>
      <exercise countin="3" name="somervell--435" tempo="120"/>
      <exercise countin="3" name="somervell--436" tempo="120"/>
      <exercise countin="2.0" name="somervell--437" tempo="120"/>
      <exercise countin="3" name="somervell--438" tempo="120"/>
      <exercise countin="3" name="somervell--439" tempo="120"/>
      <exercise countin="3" name="somervell--440" tempo="120"/>
      <exercise countin="4" name="somervell--441" tempo="120"/>
      <exercise countin="3" name="somervell--442" tempo="120"/>
      <exercise countin="3" name="somervell--443" tempo="120"/>
      <exercise countin="2" name="somervell--444" tempo="120"/>
      <exercise countin="2" name="somervell--445" tempo="120"/>
    </progress>
  </latido>
